<?xml version="1.0" encoding="utf-8"?>
<Project rom="SuperMetroid.sfc">
  <Areas>
    <Area index="0" name="Crateria" />
    <Area index="1" name="Brinstar" />
    <Area index="2" name="Norfair" />
    <Area index="3" name="Wrecked Ship" />
    <Area index="4" name="Maridia" />
    <Area index="5" name="Tourian" />
    <Area index="6" name="Ceres" />
    <Area index="7" name="Debug" />
  </Areas>
  <Sections>
    <Section name="bank80saverooms" type="Free">
      <Data name="saverooms" />
      <Block address="44B5" end="4D07" />
    </Section>
    <Section name="bank83" type="Free">
      <Data name="doors" />
      <Data name="fxs" />
      <Block address="018000" end="01ABF0" />
      <Block address="01AD66" end="020000" />
    </Section>
    <Section name="bank8F" type="Free">
      <Data name="rooms0" />
      <Data name="rooms1" />
      <Data name="rooms2" />
      <Data name="rooms3" />
      <Data name="rooms4" />
      <Data name="rooms5" />
      <Data name="rooms6" />
      <Data name="rooms7" />
      <Data name="doorsets" />
      <Data name="scrollsets" />
      <Data name="plmsets" />
      <Data name="scrollplmdatas" />
      <Data name="backgrounds" />
      <Data name="scrollasms" />
      <Block address="078000" end="079194" />
      <Block address="0791F8" end="07B971" />
      <Block address="07B981" end="07BE36" />
      <Block address="07BE3F" end="07C116" />
      <Block address="07C215" end="07C8C7" />
      <Block address="07C98E" end="07E1D8" />
      <Block address="07E248" end="07E26C" />
      <Block address="07E318" end="07E4E0" />
      <Block address="07E82C" end="07E881" />
      <Block address="07E99B" end="080000" />
    </Section>
    <Section name="Bank8Fasm" type="Fixed">
      <Data name="doorasms" />
      <Data name="setupasms" />
      <Data name="mainasms" />
      <Block address="07B971" end="07B981" />
      <Block address="07BE36" end="07BE3F" />
      <Block address="07E1D8" end="07E1E8" />
      <Block address="07E26C" end="07E2B6" />
      <Block address="07E301" end="07E318" />
      <Block address="07E4E0" end="07E51F" />
      <Block address="079194" end="0791F8" />
      <Block address="07C8C7" end="07C98E" />
      <Block address="07C116" end="07C209" />
      <Block address="07E2B6" end="07E301" />
      <Block address="07E51F" end="07E5D2" />
      <Block address="07E8CD" end="07E99B" />
    </Section>
    <Section name="bankA1" type="Free">
      <Data name="enemysets" />
      <Block address="108000" end="110000" />
    </Section>
    <Section name="bankB4" type="Free">
      <Data name="enemygfxs" />
      <Block address="1A0000" end="1A12C5" />
      <Block address="1A74B8" end="1A8000" />
    </Section>
    <Section name="bankB5areamaps" type="Fixed">
      <Data name="areamaps" />
      <Block address="1A8000" end="1B0000" />
    </Section>
    <Section name="bankCX" type="Free">
      <Data name="leveldatas" />
      <Block address="2142BB" end="278000" />
    </Section>
  </Sections>
  <Rooms>
    <Room address="0791F8" doorCount="4" name="Landing Site" />
    <Room address="0792B3" doorCount="2" name="Gauntlet Entrance" />
    <Room address="0792FD" doorCount="7" name="Parlor and Alcatraz" />
    <Room address="0793AA" doorCount="1" name="Crateria Power Bomb Room" />
    <Room address="0793D5" doorCount="1" name="[Parlor Save Room]" />
    <Room address="0793FE" doorCount="6" name="West Ocean" />
    <Room address="079461" doorCount="2" name="Bowling Alley Path" />
    <Room address="07948C" doorCount="3" name="Crateria Keyhunter Room" />
    <Room address="0794CC" doorCount="3" name="[Elevator to Maridia]" />
    <Room address="0794FD" doorCount="2" name="East Ocean" />
    <Room address="079552" doorCount="2" name="Forgotten Highway Kago Room" />
    <Room address="07957D" doorCount="2" name="Crab Maze" />
    <Room address="0795A8" doorCount="2" name="[Crab Maze to Elevator]" />
    <Room address="0795D4" doorCount="2" name="Crateria Tube" />
    <Room address="0795FF" doorCount="2" name="The Moat" />
    <Room address="07962A" doorCount="3" name="[Elevator to Red Brinstar]" />
    <Room address="07965B" doorCount="2" name="Gauntlet Energy Tank Room" />
    <Room address="07968F" doorCount="2" name="[West Ocean Geemer Corridor]" />
    <Room address="0796BA" doorCount="5" name="Climb" />
    <Room address="07975C" doorCount="2" name="Pit Room [Old Mother Brain Room]" />
    <Room address="0797B5" doorCount="3" name="[Elevator to Blue Brinstar]" />
    <Room address="079804" doorCount="1" name="Bomb Torizo Room" />
    <Room address="079879" doorCount="2" name="Flyway" />
    <Room address="0798E2" doorCount="2" name="Pre-Map Flyway" />
    <Room address="07990D" doorCount="2" name="Terminator Room" />
    <Room address="079938" doorCount="3" name="[Elevator to Green Brinstar]" />
    <Room address="079969" doorCount="2" name="Lower Mushrooms" />
    <Room address="079994" doorCount="1" name="Crateria Map Room" />
    <Room address="0799BD" doorCount="4" name="Green Pirates Shaft" />
    <Room address="0799F9" doorCount="2" name="Crateria Super Room" />
    <Room address="079A44" doorCount="2" name="Final Missile Bombway" />
    <Room address="079A90" doorCount="1" name="The Final Missile" />
    <Room address="07A5ED" doorCount="2" name="Statues Hallway" />
    <Room address="07A66A" doorCount="3" name="Statues Room" />
    <Room address="079AD9" doorCount="11" name="Green Brinstar Main Shaft [etecoon room]" />
    <Room address="079B5B" doorCount="2" name="Spore Spawn Super Room" />
    <Room address="079B9D" doorCount="2" name="Brinstar Pre-Map Room" />
    <Room address="079BC8" doorCount="2" name="Early Supers Room" />
    <Room address="079C07" doorCount="1" name="Brinstar Reserve Tank Room" />
    <Room address="079C35" doorCount="1" name="Brinstar Map Room" />
    <Room address="079C5E" doorCount="2" name="Green Brinstar Fireflea Room" />
    <Room address="079C89" doorCount="1" name="[Green Brinstar Missile Station]" />
    <Room address="079CB3" doorCount="3" name="Dachora Room" />
    <Room address="079D19" doorCount="9" name="Big Pink" />
    <Room address="079D9C" doorCount="2" name="Spore Spawn Keyhunter Room" />
    <Room address="079DC7" doorCount="2" name="Spore Spawn Room" />
    <Room address="079E11" doorCount="2" name="Pink Brinstar Power Bomb Room" />
    <Room address="079E52" doorCount="3" name="Green Hill Zone" />
    <Room address="079E9F" doorCount="4" name="Morph Ball Room" />
    <Room address="079F11" doorCount="3" name="Construction Zone" />
    <Room address="079F64" doorCount="2" name="Blue Brinstar Energy Tank Room" />
    <Room address="079FBA" doorCount="2" name="Noob Bridge" />
    <Room address="079FE5" doorCount="2" name="Green Brinstar Beetom Room" />
    <Room address="07A011" doorCount="4" name="Etecoon Energy Tank Room" />
    <Room address="07A051" doorCount="1" name="Etecoon Super Room" />
    <Room address="07A07B" doorCount="1" name="[Dachora Room Energy Charge Station]" />
    <Room address="07A0A4" doorCount="2" name="Spore Spawn Farming Room" />
    <Room address="07A0D2" doorCount="2" name="Waterway Energy Tank Room" />
    <Room address="07A107" doorCount="1" name="First Missile Room" />
    <Room address="07A130" doorCount="2" name="Pink Brinstar Hopper Room" />
    <Room address="07A15B" doorCount="1" name="Hopper Energy Tank Room" />
    <Room address="07A184" doorCount="1" name="[Spore Spawn Save Room]" />
    <Room address="07A1AD" doorCount="2" name="Blue Brinstar Boulder Room" />
    <Room address="07A1D8" doorCount="1" name="Blue Brinstar Double Missile Room" />
    <Room address="07A201" doorCount="1" name="[Green Brinstar Main Shaft Save Room]" />
    <Room address="07A22A" doorCount="1" name="[Etecoon Save Room]" />
    <Room address="07A253" doorCount="5" name="Red Tower" />
    <Room address="07A293" doorCount="2" name="Red Brinstar Fireflea Room" />
    <Room address="07A2CE" doorCount="1" name="X-Ray Scope Room" />
    <Room address="07A2F7" doorCount="2" name="Hellway" />
    <Room address="07A322" doorCount="7" name="Caterpillar Room" />
    <Room address="07A37C" doorCount="1" name="Beta Power Bomb Room" />
    <Room address="07A3AE" doorCount="1" name="Alpha Power Bomb Room" />
    <Room address="07A3DD" doorCount="2" name="Bat Room" />
    <Room address="07A408" doorCount="3" name="Below Spazer" />
    <Room address="07A447" doorCount="1" name="Spazer Room" />
    <Room address="07A471" doorCount="3" name="Warehouse Zeela Room" />
    <Room address="07A4B1" doorCount="1" name="Warehouse Energy Tank Room" />
    <Room address="07A4DA" doorCount="3" name="Warehouse Keyhunter Room" />
    <Room address="07A521" doorCount="2" name="Baby Kraid Room" />
    <Room address="07A56B" doorCount="3" name="Kraid Eye Door Room" />
    <Room address="07A59F" doorCount="2" name="Kraid Room" />
    <Room address="07A618" doorCount="1" name="[Red Tower Energy Charge Station]" />
    <Room address="07A641" doorCount="1" name="[Kraid Recharge Station]" />
    <Room address="07A6A1" doorCount="4" name="Warehouse Entrance" />
    <Room address="07A6E2" doorCount="1" name="Varia Suit Room" />
    <Room address="07A70B" doorCount="1" name="[Kraid Save Room]" />
    <Room address="07A734" doorCount="1" name="[Caterpillar Save Room]" />
    <Room address="07A75D" doorCount="2" name="Ice Beam Acid Room" />
    <Room address="07A788" doorCount="2" name="Cathedral" />
    <Room address="07A7B3" doorCount="2" name="Cathedral Entrance" />
    <Room address="07A7DE" doorCount="8" name="Business Center" />
    <Room address="07A815" doorCount="4" name="Ice Beam Gate Room" />
    <Room address="07A865" doorCount="2" name="Ice Beam Tutorial Room" />
    <Room address="07A890" doorCount="1" name="Ice Beam Room" />
    <Room address="07A8B9" doorCount="3" name="Ice Beam Snake Room" />
    <Room address="07A8F8" doorCount="2" name="Crumble Shaft" />
    <Room address="07A923" doorCount="5" name="Crocomire Speedway" />
    <Room address="07A98D" doorCount="2" name="Crocomire's Room" />
    <Room address="07A9E5" doorCount="1" name="Hi Jump Boots Room" />
    <Room address="07AA0E" doorCount="2" name="Crocomire Escape" />
    <Room address="07AA41" doorCount="2" name="Hi Jump Energy Tank Room" />
    <Room address="07AA82" doorCount="4" name="Post Crocomire Farming Room" />
    <Room address="07AAB5" doorCount="1" name="[Post Crocomire Save Room]" />
    <Room address="07AADE" doorCount="1" name="Post Crocomire Power Bomb Room" />
    <Room address="07AB07" doorCount="4" name="Post Crocomire Shaft" />
    <Room address="07AB3B" doorCount="1" name="Post Crocomire Missile Room" />
    <Room address="07AB64" doorCount="2" name="Grapple Tutorial Room 3" />
    <Room address="07AB8F" doorCount="2" name="Post Crocomire Jump Room" />
    <Room address="07ABD2" doorCount="2" name="Grapple Tutorial Room 2" />
    <Room address="07AC00" doorCount="2" name="Grapple Tutorial Room 1" />
    <Room address="07AC2B" doorCount="2" name="Grapple Beam Room" />
    <Room address="07AC5A" doorCount="1" name="Norfair Reserve Tank Room" />
    <Room address="07AC83" doorCount="2" name="Green Bubbles Missile Room" />
    <Room address="07ACB3" doorCount="7" name="Bubble Mountain" />
    <Room address="07ACF0" doorCount="2" name="Speed Booster Hall" />
    <Room address="07AD1B" doorCount="1" name="Speed Booster Room" />
    <Room address="07AD5E" doorCount="5" name="Single Chamber" />
    <Room address="07ADAD" doorCount="3" name="Double Chamber" />
    <Room address="07ADDE" doorCount="1" name="Wave Beam Room" />
    <Room address="07AE07" doorCount="2" name="Spiky Platforms Tunnel" />
    <Room address="07AE32" doorCount="2" name="Volcano Room" />
    <Room address="07AE74" doorCount="4" name="Kronic Boost Room" />
    <Room address="07AEB4" doorCount="2" name="Magdollite Tunnel" />
    <Room address="07AEDF" doorCount="3" name="Purple Shaft" />
    <Room address="07AF14" doorCount="2" name="Lava Dive Room" />
    <Room address="07AF3F" doorCount="4" name="[Elevator to Lower Norfair]" />
    <Room address="07AF72" doorCount="3" name="Upper Norfair Farming Room" />
    <Room address="07AFA3" doorCount="2" name="Rising Tide" />
    <Room address="07AFCE" doorCount="3" name="Acid Snakes Tunnel" />
    <Room address="07AFFB" doorCount="2" name="Spiky Acid Snakes Tunnel" />
    <Room address="07B026" doorCount="2" name="[Crocomire Recharge Room]" />
    <Room address="07B051" doorCount="1" name="Purple Farming Room" />
    <Room address="07B07A" doorCount="2" name="Bat Cave" />
    <Room address="07B0B4" doorCount="1" name="Norfair Map Room" />
    <Room address="07B0DD" doorCount="1" name="[Bubble Mountain Save Room]" />
    <Room address="07B106" doorCount="2" name="Frog Speedway" />
    <Room address="07B139" doorCount="2" name="Red Pirate Shaft" />
    <Room address="07B167" doorCount="2" name="[Business Center Save Room]" />
    <Room address="07B192" doorCount="1" name="[Crocomire Save Room]" />
    <Room address="07B1BB" doorCount="1" name="[Elevator Save Room]" />
    <Room address="07B1E5" doorCount="2" name="Acid Statue Room" />
    <Room address="07B236" doorCount="4" name="Main Hall" />
    <Room address="07B283" doorCount="2" name="Golden Torizo's Room" />
    <Room address="07B2DA" doorCount="2" name="Fast Ripper Room" />
    <Room address="07B305" doorCount="1" name="[Screw Attack Energy Charge Room]" />
    <Room address="07B32E" doorCount="2" name="Ridley's Room" />
    <Room address="07B37A" doorCount="2" name="Lower Norfair Farming Room" />
    <Room address="07B3A5" doorCount="5" name="Fast Pillars Setup Room" />
    <Room address="07B3E1" doorCount="1" name="[[unused room]]" />
    <Room address="07B40A" doorCount="2" name="Mickey Mouse Room" />
    <Room address="07B457" doorCount="2" name="Pillar Room" />
    <Room address="07B482" doorCount="2" name="Plowerhouse Room" />
    <Room address="07B4AD" doorCount="3" name="The Worst Room In The Game" />
    <Room address="07B4E5" doorCount="2" name="Amphitheatre" />
    <Room address="07B510" doorCount="3" name="Lower Norfair Spring Ball Maze Room" />
    <Room address="07B55A" doorCount="2" name="Lower Norfair Escape Power Bomb Room" />
    <Room address="07B585" doorCount="4" name="Red Keyhunter Shaft" />
    <Room address="07B5D5" doorCount="2" name="Wasteland" />
    <Room address="07B62B" doorCount="2" name="Metal Pirates Room" />
    <Room address="07B656" doorCount="2" name="Three Muskateers' Room" />
    <Room address="07B698" doorCount="1" name="Ridley Tank Room" />
    <Room address="07B6C1" doorCount="3" name="Screw Attack Room" />
    <Room address="07B6EE" doorCount="3" name="Lower Norfair Fireflea Room" />
    <Room address="07B741" doorCount="1" name="[Red Keyhunter Shaft Save Room]" />
    <Room address="07C98E" doorCount="3" name="Bowling Alley" />
    <Room address="07CA08" doorCount="2" name="Wrecked Ship Entrance" />
    <Room address="07CA52" doorCount="3" name="Attic" />
    <Room address="07CAAE" doorCount="1" name="Wrecked Ship East Missile Room" />
    <Room address="07CAF6" doorCount="7" name="Wrecked Ship Main Shaft" />
    <Room address="07CB8B" doorCount="2" name="Spiky Death Room" />
    <Room address="07CBD5" doorCount="3" name="Electric Death Room" />
    <Room address="07CC27" doorCount="1" name="Wrecked Ship Energy Tank Room" />
    <Room address="07CC6F" doorCount="3" name="Basement" />
    <Room address="07CCCB" doorCount="1" name="Wrecked Ship Map Room" />
    <Room address="07CD13" doorCount="1" name="Phantoon's Room" />
    <Room address="07CD5C" doorCount="2" name="Sponge Bath" />
    <Room address="07CDA8" doorCount="1" name="Wrecked Ship West Super Room" />
    <Room address="07CDF1" doorCount="1" name="Wrecked Ship East Super Room" />
    <Room address="07CE40" doorCount="2" name="Gravity Suit Room" />
    <Room address="07CE8A" doorCount="1" name="[Wrecked Ship Save Room]" />
    <Room address="07CED2" doorCount="1" name="[Glass Tunnel Save Room]" />
    <Room address="07CEFB" doorCount="4" name="Glass Tunnel" />
    <Room address="07CF54" doorCount="2" name="West Tunnel" />
    <Room address="07CF80" doorCount="3" name="East Tunnel" />
    <Room address="07CFC9" doorCount="5" name="Main Street" />
    <Room address="07D017" doorCount="4" name="Fish Tank" />
    <Room address="07D055" doorCount="1" name="Mama Turtle Room" />
    <Room address="07D08A" doorCount="2" name="Crab Tunnel" />
    <Room address="07D0B9" doorCount="6" name="Mt. Everest" />
    <Room address="07D104" doorCount="2" name="Red Fish Room" />
    <Room address="07D13B" doorCount="1" name="Watering Hole" />
    <Room address="07D16D" doorCount="2" name="Northwest Maridia Bug Room" />
    <Room address="07D1A3" doorCount="3" name="Crab Shaft" />
    <Room address="07D1DD" doorCount="3" name="Pseudo Plasma Spark Room" />
    <Room address="07D21C" doorCount="4" name="Crab Hole" />
    <Room address="07D252" doorCount="2" name="[Tunnel to West Sand Hall]" />
    <Room address="07D27E" doorCount="2" name="Plasma Tutorial Room" />
    <Room address="07D2AA" doorCount="1" name="Plasma Room" />
    <Room address="07D2D9" doorCount="2" name="Thread The Needle Room" />
    <Room address="07D30B" doorCount="4" name="Maridia Elevator Room" />
    <Room address="07D340" doorCount="4" name="Plasma Spark Room" />
    <Room address="07D387" doorCount="2" name="Plasma Climb" />
    <Room address="07D3B6" doorCount="1" name="Maridia Map Room" />
    <Room address="07D3DF" doorCount="1" name="[Maridia Elevator Save Room]" />
    <Room address="07D408" doorCount="2" name="[Vertical Tube]" />
    <Room address="07D433" doorCount="3" name="Bug Sand Hole" />
    <Room address="07D461" doorCount="3" name="West Sand Hall" />
    <Room address="07D48E" doorCount="3" name="Oasis" />
    <Room address="07D4C2" doorCount="3" name="East Sand Hall" />
    <Room address="07D4EF" doorCount="2" name="West Sand Hole" />
    <Room address="07D51E" doorCount="2" name="East Sand Hole" />
    <Room address="07D54D" doorCount="2" name="[West Sand Fall]" />
    <Room address="07D57A" doorCount="2" name="[East Sand Fall]" />
    <Room address="07D5A7" doorCount="6" name="Aqueduct" />
    <Room address="07D5EC" doorCount="2" name="Butterfly Room" />
    <Room address="07D617" doorCount="2" name="Botwoon Hallway" />
    <Room address="07D646" doorCount="4" name="Pants Room" />
    <Room address="07D69A" doorCount="2" name="[Pants Room West half]" />
    <Room address="07D6D0" doorCount="1" name="Spring Ball Room" />
    <Room address="07D6FD" doorCount="1" name="Below Botwoon Energy Tank" />
    <Room address="07D72A" doorCount="3" name="Colosseum" />
    <Room address="07D765" doorCount="1" name="[Aqueduct Save Room]" />
    <Room address="07D78F" doorCount="2" name="The Precious Room" />
    <Room address="07D7E4" doorCount="4" name="Botwoon Energy Tank Room" />
    <Room address="07D81A" doorCount="2" name="[Colosseum Save Room]" />
    <Room address="07D845" doorCount="1" name="[Halfie Climb Missile Station]" />
    <Room address="07D86E" doorCount="1" name="[Bug Sand Fall]" />
    <Room address="07D898" doorCount="2" name="[Botwoon Sand Fall]" />
    <Room address="07D8C5" doorCount="2" name="Shaktool Room" />
    <Room address="07D913" doorCount="4" name="Halfie Climb Room" />
    <Room address="07D95E" doorCount="2" name="Botwoon's Room" />
    <Room address="07D9AA" doorCount="1" name="Space Jump Room" />
    <Room address="07D9D4" doorCount="1" name="[Colosseum Energy Charge Room]" />
    <Room address="07D9FE" doorCount="2" name="Cactus Alley [West]" />
    <Room address="07DA2B" doorCount="2" name="Cactus Alley [East]" />
    <Room address="07DA60" doorCount="2" name="Draygon's Room" />
    <Room address="07DAAE" doorCount="4" name="Tourian First Room" />
    <Room address="07DAE1" doorCount="2" name="Metroid Room 1" />
    <Room address="07DB31" doorCount="2" name="Metroid Room 2" />
    <Room address="07DB7D" doorCount="2" name="Metroid Room 3" />
    <Room address="07DBCD" doorCount="2" name="Metroid Room 4" />
    <Room address="07DC19" doorCount="2" name="Blue Hopper Room" />
    <Room address="07DC65" doorCount="2" name="Dust Torizo Room" />
    <Room address="07DCB1" doorCount="2" name="Big Boy Room" />
    <Room address="07DCFF" doorCount="3" name="Seaweed Room" />
    <Room address="07DD2E" doorCount="1" name="Tourian Recharge Room" />
    <Room address="07DD58" doorCount="2" name="Mother Brain Room" />
    <Room address="07DDC4" doorCount="2" name="Tourian Eye Door Room" />
    <Room address="07DDF3" doorCount="3" name="Rinka Shaft" />
    <Room address="07DE23" doorCount="1" name="[Mother Brain Save Room]" />
    <Room address="07DE4D" doorCount="2" name="Tourian Escape Room 1" />
    <Room address="07DE7A" doorCount="2" name="Tourian Escape Room 2" />
    <Room address="07DEA7" doorCount="2" name="Tourian Escape Room 3" />
    <Room address="07DEDE" doorCount="2" name="Tourian Escape Room 4" />
    <Room address="07DF1B" doorCount="1" name="[Tourian First Save Room]" />
    <Room address="07DF45" doorCount="1" name="[Ceres Elevator Room]" />
    <Room address="07DF8D" doorCount="2" name="[Ceres Jump Tutorial Room]" />
    <Room address="07DFD7" doorCount="2" name="[Ceres Staircase Room]" />
    <Room address="07E021" doorCount="2" name="[Ceres Dead Scientists Room]" />
    <Room address="07E06B" doorCount="2" name="[Ceres Last Corridor]" />
    <Room address="07E0B5" doorCount="1" name="[Ceres Ridley Room]" />
    <Room address="07E82C" doorCount="4" name="[Tile Debug Room]" />
  </Rooms>
  <Asms>
    <DoorAsm address="07B971" end="07B981" name="WS treadmill, west entrance" />
    <DoorAsm address="07BE36" end="07BE3F" name="Non-standard scroll ASM?" />
    <DoorAsm address="07E1D8" end="07E1E8" name="WS treadmill, east entrance" />
    <DoorAsm address="07E26C" end="07E291" name="Elevatube, setup bottom" />
    <DoorAsm address="07E291" end="07E2B6" name="Elevatube, setup top" />
    <DoorAsm address="07E301" end="07E309" name="Elevatube, exit top" />
    <DoorAsm address="07E309" end="07E318" name="Elevatube, exit bottom" />
    <DoorAsm address="07E4E0" end="07E513" name="To Ceres elevator" />
    <DoorAsm address="07E513" end="07E51F" name="From Ceres elevator" />
    <SetupAsm address="079194" end="0791A9" name="Crateria mainstreet: escape" />
    <SetupAsm address="0791A9" end="0791B2" name="Old Tourian escape shaft: escape" />
    <SetupAsm address="0791B2" end="0791BB" name="Bomb Torizo's room: escape" />
    <SetupAsm address="0791BB" end="0791BC" name="Pre Bomb Torizo room: escape" />
    <SetupAsm address="0791BC" end="0791BD" name="Early game: do nothing" />
    <SetupAsm address="0791BD" end="0791C9" name="Landing site: escape" />
    <SetupAsm address="0791C9" end="0791CE" name="Landing site: scrolling sky" />
    <SetupAsm address="0791CE" end="0791D3" name="W/E ocean: scrolling sky" />
    <SetupAsm address="0791D3" end="0791D4" name="Crateria: do nothing" />
    <SetupAsm address="0791D4" end="0791D5" name="Crateria: do nothing" />
    <SetupAsm address="0791D5" end="0791D6" name="West Brinstar: do nothing" />
    <SetupAsm address="0791D6" end="0791D7" name="East Brinstar: do nothing" />
    <SetupAsm address="0791D7" end="0791F4" name="Tourian entrance: statues" />
    <SetupAsm address="0791F4" end="0791F5" name="Kraid's lair: do nothing" />
    <SetupAsm address="0791F5" end="0791F6" name="West Norfair: do nothing" />
    <SetupAsm address="0791F6" end="0791F7" name="East Norfair: do nothing" />
    <SetupAsm address="0791F7" end="0791F8" name="Lower Norfair: do nothing" />
    <SetupAsm address="07C8C7" end="07C8C8" name="Wrecked Ship 1: do nothing" />
    <SetupAsm address="07C8C8" end="07C8D0" name="Basement: spawn projectile" />
    <SetupAsm address="07C8D0" end="07C8D1" name="Wrecked Ship 2: do nothing" />
    <SetupAsm address="07C8D1" end="07C8D2" name="Maridia: do nothing" />
    <SetupAsm address="07C8D2" end="07C8D3" name="Maridia: do nothing" />
    <SetupAsm address="07C8D3" end="07C8DC" name="Shaktool room: setup PLM" />
    <SetupAsm address="07C8DC" end="07C8DD" name="Maridia: do nothing" />
    <SetupAsm address="07C8DD" end="07C8F6" name="Draygon's room: pausing code" />
    <SetupAsm address="07C8F6" end="07C8FC" name="Draygon's room: pause" />
    <SetupAsm address="07C8FC" end="07C90A" name="Draygon's room: unpause" />
    <SetupAsm address="07C90A" end="07C91E" name="Tourian to Crateria: set collected map" />
    <SetupAsm address="07C91E" end="07C91F" name="Tourian: do nothing" />
    <SetupAsm address="07C91F" end="07C933" name="Escape room 1: set timer and shaking" />
    <SetupAsm address="07C933" end="07C946" name="Escape room 2: set shaking" />
    <SetupAsm address="07C946" end="07C953" name="Escape room 3: set shaking" />
    <SetupAsm address="07C953" end="07C96E" name="Escape room 4: set PLM and shaking" />
    <SetupAsm address="07C96E" end="07C976" name="Ceres elevator: door becomes wall" />
    <SetupAsm address="07C976" end="07C97B" name="Ceres elevator: colour math" />
    <SetupAsm address="07C97B" end="07C98E" name="Ceres Ridley's room: colour math" />
    <MainAsm address="07C116" end="07C11B" name="Landing site: scrolling sky" />  
    <MainAsm address="07C11B" end="07C120" name="W/E ocean: scrolling sky" />
    <MainAsm address="07C120" end="07C124" name="Landing site: escape scrolling sky" />
    <MainAsm address="07C124" end="07C1E6" name="Escape: explosions and shaking" />
    <MainAsm address="07C1E6" end="07C209" name="Dachora room: scroll screen" />
    <MainAsm address="07E2B6" end="07E301" name="Elevatube" />
    <MainAsm address="07E51F" end="07E524" name="Ceres: elevator entrance" />
    <MainAsm address="07E524" end="07E525" name="Ceres: do nothing" />
    <MainAsm address="07E525" end="07E571" name="Ceres: falling debris" />
    <MainAsm address="07E571" end="07E57C" name="Ceres: Ridley getaway" />
    <MainAsm address="07E57C" end="07E5A0" name="Ceres: screen shaking" />
    <MainAsm address="07E5A0" end="07E5A4" name="Ceres: explosions" />
    <MainAsm address="07E5A4" end="07E5D2" name="Ceres: stronger screen shaking" />
    <MainAsm address="07E8CD" end="07E950" name="Crocomire's room: shaking" />
    <MainAsm address="07E950" end="07E99B" name="Ridley's room: shaking" />
  </Asms>
</Project>